idAlertRule;idServiceOrder;alertRuleInitDateTime;alertRuleEndDateTime;alertRuleUser;alertRuleDescription;alertRuleCreatedAt;alertRuleUpdatedAt
229816;236779;1756207140;2702891940;;;1756207140;1756207140
229817;236780;1756207186;2702891986;;;1756207186;1756207186
229819;236782;1756207446;2702892246;;;1756207446;1756207446
229820;236783;1756207492;2702892292;;;1756207492;1756207492
230107;237016;1756832637;2703517437;;;1756832637;1756832637
230820;237619;1757693097;2704377897;;;1757693097;1757693097
231201;237966;1758284221;2704969021;;;1758284221;1758284221
244101;245291;1763042654;2078575454;Evelyn Fernandes;velocidade;1763042654;1763042654
238623;245291;1762259214;1763042654;;;1762259214;1763042654
238624;245292;1762259256;2708944056;;;1762259256;1762259256
244098;245293;1763042604;2078575404;Evelyn Fernandes;velocidade;1763042604;1763042604
238625;245293;1762259369;1763042604;;;1762259369;1763042604
238626;245294;1762259394;2708944194;;;1762259394;1762259394
244852;251684;1763124942;2709809742;;;1763124942;1763124942
252055;261659;1763985306;2710670106;;;1763985306;1763985306
252056;261660;1763985345;2710670145;;;1763985345;1763985345
252057;261661;1763985389;2710670189;;;1763985389;1763985389
252058;261662;1763985425;2710670225;;;1763985425;1763985425
252059;261663;1763985479;2710670279;;;1763985479;1763985479
254950;264521;1764701495;2711386295;;;1764701495;1764701495
254951;264522;1764701530;2711386330;;;1764701530;1764701530
254953;264524;1764701682;2711386482;;;1764701682;1764701682
255379;264950;1764771082;2711455882;;;1764771082;1764771082
255380;264951;1764771126;2711455926;;;1764771126;1764771126
255381;264952;1764771187;2711455987;;;1764771187;1764771187
255382;264953;1764771220;2711456020;;;1764771220;1764771220
281581;292441;1770207346;2716892146;;;1770207346;1770207346
281582;292442;1770207367;2716892167;;;1770207367;1770207367
281583;292443;1770207483;2716892283;;;1770207483;1770207483
229592;236606;1755807202;1755807255;;;1755807202;1755807255
229593;236606;1755807255;1755893522;Marcos Gozzi;Treinamento;1755807255;1755893522
229672;236606;1755893522;2071426322;Eliseu De Amorim Correia;Teste;1755893522;1755893522
