idServiceOrder;idBusinessUnit;idWorkingDay;serviceOrderNumber;serviceOrderDate;serviceOrderFlowStandDose;serviceOrderUnit;serviceOrderNozzleType;serviceOrderPrescription;serviceOrderEnable;serviceOrderStartAt;serviceOrderEndAt;serviceOrderCreatedAt;serviceOrderUpdatedAt;idAgriculturalOperation_idAgriculturalOperation;idAgriculturalOperation_idAgriculturalActivity;idAgriculturalOperation_agriculturalOperationNumber;idAgriculturalOperation_agriculturalOperationName;idAgriculturalOperation_agriculturalOperationAlertRuleList;idAgriculturalOperation_agriculturalOperationEnable;idAgriculturalOperation_agriculturalOperationCreatedAt;idAgriculturalOperation_agriculturalOperationUpdatedAt;idTeam_idTeam;idTeam_idBusinessUnit;idTeam_teamNumber;idTeam_teamName;idTeam_teamUnit;idTeam_teamEnable;idTeam_teamCreatedAt;idTeam_teamUpdatedAt
236779;53560;;1;20326;;;;TAXA VARIAVEL;False;1756177200;1757041200.0;1757079359;1757079359;32177;19407;1;CALAGEM;[];True;1755713986;1755713986;19969;53560;4;UNIMAR ADUBAÇÃO;UNIMAR CAMPUS;True;1755716033;1755716033
236780;53560;;2;20326;;;;TAXA VARIAVEL;False;1756177200;1757041200.0;1757080917;1757080917;32178;19407;2;GESSAGEM;[];True;1755714000;1755714000;19969;53560;4;UNIMAR ADUBAÇÃO;UNIMAR CAMPUS;True;1755716033;1755716033
236782;53560;;3;20326;1600.0;MEASURE_UNIT_KILOGRAM_PER_HECTARE;;CALAGEM TAXA FIXA DE 1600 Kg/ha;False;1756177200;1756609200.0;1758281290;1758281290;32177;19407;1;CALAGEM;[];True;1755713986;1755713986;19969;53560;4;UNIMAR ADUBAÇÃO;UNIMAR CAMPUS;True;1755716033;1755716033
236783;53560;;4;20326;1000.0;MEASURE_UNIT_KILOGRAM_PER_HECTARE;;GESSAGEM TAXA FIXA DE 1000 Kg/ha;False;1756177200;1756609200.0;1758281290;1758281290;32178;19407;2;GESSAGEM;[];True;1755714000;1755714000;19969;53560;4;UNIMAR ADUBAÇÃO;UNIMAR CAMPUS;True;1755716033;1755716033
237016;53560;;5;20333;1600.0;MEASURE_UNIT_KILOGRAM_PER_HECTARE;;ORDEM GENÉRICA;False;1756782000;;1758281290;1758281290;32177;19407;1;CALAGEM;[];True;1755713986;1755713986;19969;53560;4;UNIMAR ADUBAÇÃO;UNIMAR CAMPUS;True;1755716033;1755716033
237619;53560;;6;20342;;;;;True;1757559600;;1757692964;1757692964;32704;19702;13;MEDIÇÃO DE ÁREA;[];True;1757693066;1757693066;19970;53560;5;UNIMAR SERVIÇOS GERAIS;UNIMAR CAMPUS;True;1755716059;1755716059
237966;53560;;7;20350;;;;Sítio de Avencas;False;1758250800;;1762257024;1762257024;32178;19407;2;GESSAGEM;[];True;1755714000;1755714000;19969;53560;4;UNIMAR ADUBAÇÃO;UNIMAR CAMPUS;True;1755716033;1755716033
245291;53560;;8;20396;;;;;False;1762225200;;1763984870;1763984870;32186;19408;10;PLANTIO MILHO SILAGEM;[];True;1755714313;1755714313;19966;53560;1;UNIMAR PLANTIO;UNIMAR CAMPUS;True;1755714419;1755714419
245292;53560;;9;20396;;;;;False;1762225200;;1763985003;1763985003;32186;19408;10;PLANTIO MILHO SILAGEM;[];True;1755714313;1755714313;19966;53560;1;UNIMAR PLANTIO;UNIMAR CAMPUS;True;1755714419;1755714419
245293;53560;;10;20396;;;;;False;1762225200;;1763984870;1763984870;32187;19408;11;PLANTIO MILHO GRÃO;[];True;1755714332;1755714332;19966;53560;1;UNIMAR PLANTIO;UNIMAR CAMPUS;True;1755714419;1755714419
245294;53560;;11;20396;;;;;False;1762225200;;1763984870;1763984870;32187;19408;11;PLANTIO MILHO GRÃO;[];True;1755714332;1755714332;19966;53560;1;UNIMAR PLANTIO;UNIMAR CAMPUS;True;1755714419;1755714419
251684;53560;;12;20406;;;;;False;1763089200;;1764700969;1764700969;34288;19408;20;Plantio;[];True;1762796220;1762796220;19966;53560;1;UNIMAR PLANTIO;UNIMAR CAMPUS;True;1755714419;1755714419
261659;53560;;14;20416;;;;;False;1763953200;;1764770612;1764770612;34882;19405;16;INSETICIDA+HERBICIDA;[];True;1764355570;1764355570;19968;53560;3;UNIMAR PULVERIZAÇÃO;UNIMAR CAMPUS;True;1755716008;1755716008
261660;53560;;15;20416;;;;;False;1763953200;;1764770612;1764770612;34882;19405;16;INSETICIDA+HERBICIDA;[];True;1764355570;1764355570;19968;53560;3;UNIMAR PULVERIZAÇÃO;UNIMAR CAMPUS;True;1755716008;1755716008
261661;53560;;16;20416;;;;;False;1763953200;;1764770612;1764770612;34882;19405;16;INSETICIDA+HERBICIDA;[];True;1764355570;1764355570;19968;53560;3;UNIMAR PULVERIZAÇÃO;UNIMAR CAMPUS;True;1755716008;1755716008
261662;53560;;17;20416;;;;;False;1763953200;;1764770612;1764770612;34882;19405;16;INSETICIDA+HERBICIDA;[];True;1764355570;1764355570;19968;53560;3;UNIMAR PULVERIZAÇÃO;UNIMAR CAMPUS;True;1755716008;1755716008
261663;53560;;18;20416;;;;;True;1763953200;;1763985003;1763985003;34685;19405;15;PULVERIZAÇÃO GERAL;[];True;1763985453;1763985453;19968;53560;3;UNIMAR PULVERIZAÇÃO;UNIMAR CAMPUS;True;1755716008;1755716008
264521;53560;;19;20424;;;;;False;1764644400;;1768475028;1768475028;34981;19407;17;ADUBAÇÃO DE COBERTURA (20-00-20);[];True;1764701301;1764701451;19969;53560;4;UNIMAR ADUBAÇÃO;UNIMAR CAMPUS;True;1755716033;1755716033
264522;53560;;20;20424;;;;;False;1764644400;;1768475028;1768475028;34981;19407;17;ADUBAÇÃO DE COBERTURA (20-00-20);[];True;1764701301;1764701451;19969;53560;4;UNIMAR ADUBAÇÃO;UNIMAR CAMPUS;True;1755716033;1755716033
264524;53560;;21;20424;;;;;False;1764644400;;1768475028;1768475028;34981;19407;17;ADUBAÇÃO DE COBERTURA (20-00-20);[];True;1764701301;1764701451;19969;53560;4;UNIMAR ADUBAÇÃO;UNIMAR CAMPUS;True;1755716033;1755716033
264525;53560;;22;20424;;;;;False;1764644400;;1768475028;1768475028;34981;19407;17;ADUBAÇÃO DE COBERTURA (20-00-20);[];True;1764701301;1764701451;19969;53560;4;UNIMAR ADUBAÇÃO;UNIMAR CAMPUS;True;1755716033;1755716033
264950;53560;;23;20425;;;;;False;1764730800;;1768472699;1768472699;35014;19405;18;INSETICIDA + FERTILIZANTE FOLIAR;[];True;1764771022;1764771022;19968;53560;3;UNIMAR PULVERIZAÇÃO;UNIMAR CAMPUS;True;1755716008;1755716008
264951;53560;;24;20425;;;;;False;1764730800;;1768472699;1768472699;35014;19405;18;INSETICIDA + FERTILIZANTE FOLIAR;[];True;1764771022;1764771022;19968;53560;3;UNIMAR PULVERIZAÇÃO;UNIMAR CAMPUS;True;1755716008;1755716008
264952;53560;;25;20425;;;;;False;1764730800;;1768475028;1768475028;35014;19405;18;INSETICIDA + FERTILIZANTE FOLIAR;[];True;1764771022;1764771022;19968;53560;3;UNIMAR PULVERIZAÇÃO;UNIMAR CAMPUS;True;1755716008;1755716008
264953;53560;;26;20425;;;;;False;1764730800;;1768472699;1768472699;35014;19405;18;INSETICIDA + FERTILIZANTE FOLIAR;[];True;1764771022;1764771022;19968;53560;3;UNIMAR PULVERIZAÇÃO;UNIMAR CAMPUS;True;1755716008;1755716008
292441;53560;;50;20487;;;;;True;1770087600;;1770202695;1770202695;36367;19409;21;COLHEITA SILAGEM;[];True;1770207246;1770207246;19971;53560;6;UNIMAR COLHEITA;UNIMAR CAMPUS;True;1755716147;1755716147
292442;53560;;51;20487;;;;;True;1770087600;;1770207124;1770207124;36367;19409;21;COLHEITA SILAGEM;[];True;1770207246;1770207246;19971;53560;6;UNIMAR COLHEITA;UNIMAR CAMPUS;True;1755716147;1755716147
292443;53560;;55;20488;;;;;True;1770174000;;1770202695;1770202695;36367;19409;21;COLHEITA SILAGEM;[];True;1770207246;1770207246;19971;53560;6;UNIMAR COLHEITA;UNIMAR CAMPUS;True;1755716147;1755716147
236606;53560;;202511111;20321;1000.0;MEASURE_UNIT_KILOGRAM_PER_HECTARE;;CALAGEM - CALCARIO DOLOMÍTICO;False;1755745200;;1756203441;1756203441;32177;19407;1;CALAGEM;[];True;1755713986;1755713986;19969;53560;4;UNIMAR ADUBAÇÃO;UNIMAR CAMPUS;True;1755716033;1755716033
