idField;idFarm;fieldName;fieldColor;fieldInitDateTime;fieldEndDateTime;fieldCreatedAt;fieldUpdatedAt;idServiceOrder;fieldAreaCentroid_longitude;fieldAreaCentroid_latitude
103143;25213;Silagem 4.0 - 8,5 ha;16777215;1755658800;1913479748;1755713348;1755713484;236779;-49.97244915025603;-22.241966920082014
103144;25213;Grão 4.0 - 19,3 ha;16777215;1755658800;1913479748;1755713348;1755713400;236779;-49.98061730484007;-22.247482179950314
103143;25213;Silagem 4.0 - 8,5 ha;16777215;1755658800;1913479748;1755713348;1755713484;236780;-49.97244915025603;-22.241966920082014
103144;25213;Grão 4.0 - 19,3 ha;16777215;1755658800;1913479748;1755713348;1755713400;236780;-49.98061730484007;-22.247482179950314
103142;25213;Silagem Convencional - 8,9 ha;16777215;1755658800;1913479747;1755713348;1755713456;236782;-49.97519819521753;-22.242060872995907
103145;25213;Grão Convecional - 16,6 ha;16777215;1755658800;1913479748;1755713348;1755713467;236782;-49.9809276715652;-22.24972095598727
103142;25213;Silagem Convencional - 8,9 ha;16777215;1755658800;1913479747;1755713348;1755713456;236783;-49.97519819521753;-22.242060872995907
103145;25213;Grão Convecional - 16,6 ha;16777215;1755658800;1913479748;1755713348;1755713467;236783;-49.9809276715652;-22.24972095598727
103143;25213;Silagem 4.0 - 8,5 ha;16777215;1755658800;1913479748;1755713348;1755713484;245291;-49.97244915025603;-22.241966920082014
103142;25213;Silagem Convencional - 8,9 ha;16777215;1755658800;1913479747;1755713348;1755713456;245292;-49.97519819521753;-22.242060872995907
103144;25213;Grão 4.0 - 19,3 ha;16777215;1755658800;1913479748;1755713348;1755713400;245293;-49.98061730484007;-22.247482179950314
103145;25213;Grão Convecional - 16,6 ha;16777215;1755658800;1913479748;1755713348;1755713467;245294;-49.9809276715652;-22.24972095598727
103144;25213;Grão 4.0 - 19,3 ha;16777215;1755658800;1913479748;1755713348;1755713400;261659;-49.98061730484007;-22.247482179950314
103145;25213;Grão Convecional - 16,6 ha;16777215;1755658800;1913479748;1755713348;1755713467;261660;-49.9809276715652;-22.24972095598727
103143;25213;Silagem 4.0 - 8,5 ha;16777215;1755658800;1913479748;1755713348;1755713484;261661;-49.97244915025603;-22.241966920082014
103142;25213;Silagem Convencional - 8,9 ha;16777215;1755658800;1913479747;1755713348;1755713456;261662;-49.97519819521753;-22.242060872995907
103144;25213;Grão 4.0 - 19,3 ha;16777215;1755658800;1913479748;1755713348;1755713400;264521;-49.98061730484007;-22.247482179950314
103145;25213;Grão Convecional - 16,6 ha;16777215;1755658800;1913479748;1755713348;1755713467;264522;-49.9809276715652;-22.24972095598727
103143;25213;Silagem 4.0 - 8,5 ha;16777215;1755658800;1913479748;1755713348;1755713484;264524;-49.97244915025603;-22.241966920082014
103142;25213;Silagem Convencional - 8,9 ha;16777215;1755658800;1913479747;1755713348;1755713456;264525;-49.97519819521753;-22.242060872995907
103144;25213;Grão 4.0 - 19,3 ha;16777215;1755658800;1913479748;1755713348;1755713400;264950;-49.98061730484007;-22.247482179950314
103145;25213;Grão Convecional - 16,6 ha;16777215;1755658800;1913479748;1755713348;1755713467;264951;-49.9809276715652;-22.24972095598727
103143;25213;Silagem 4.0 - 8,5 ha;16777215;1755658800;1913479748;1755713348;1755713484;264952;-49.97244915025603;-22.241966920082014
103142;25213;Silagem Convencional - 8,9 ha;16777215;1755658800;1913479747;1755713348;1755713456;264953;-49.97519819521753;-22.242060872995907
103143;25213;Silagem 4.0 - 8,5 ha;16777215;1755658800;1913479748;1755713348;1755713484;292441;-49.97244915025603;-22.241966920082014
103142;25213;Silagem Convencional - 8,9 ha;16777215;1755658800;1913479747;1755713348;1755713456;292442;-49.97519819521753;-22.242060872995907
103142;25213;Silagem Convencional - 8,9 ha;16777215;1755658800;1913479747;1755713348;1755713456;236606;-49.97519819521753;-22.242060872995907
103143;25213;Silagem 4.0 - 8,5 ha;16777215;1755658800;1913479748;1755713348;1755713484;236606;-49.97244915025603;-22.241966920082014
103144;25213;Grão 4.0 - 19,3 ha;16777215;1755658800;1913479748;1755713348;1755713400;236606;-49.98061730484007;-22.247482179950314
103145;25213;Grão Convecional - 16,6 ha;16777215;1755658800;1913479748;1755713348;1755713467;236606;-49.9809276715652;-22.24972095598727
